{ "SolutionInfo": { "Status": 9, "Runtime": 3.9735000133514404e+01, "Work": 7.1753640157097593e+01, "ObjVal": -1e+100, "ObjBound": 99524, "ObjBoundC": 9.9524862954378026e+04, "MIPGap": 1e+100, "IterCount": 1198663, "BarIterCount": 0, "NodeCount": 2755, "SolCount": 0}}