{ "SolutionInfo": { "Status": 9, "Runtime": 3.9648000001907349e+01, "Work": 7.7957765775645612e+01, "ObjVal": -1e+100, "ObjBound": 248918, "ObjBoundC": 2.4891858037759902e+05, "MIPGap": 1e+100, "IterCount": 594875, "BarIterCount": 0, "NodeCount": 2208, "SolCount": 0}}