{ "SolutionInfo": { "Status": 9, "Runtime": 3.1612999916076660e+01, "Work": 3.3449028726945208e+01, "ObjVal": -1e+100, "ObjBound": 1.4989665622811276e+06, "ObjBoundC": 1.4989665622811276e+06, "MIPGap": 1e+100, "IterCount": 20074, "BarIterCount": 16, "NodeCount": 1, "SolCount": 0}}