{ "SolutionInfo": { "Status": 9, "Runtime": 1.1075000047683716e+01, "Work": 6.9793664172599152e+00, "ObjVal": -1e+100, "ObjBound": 2000963, "ObjBoundC": 2000963, "MIPGap": 1e+100, "IterCount": 0, "BarIterCount": 0, "NodeCount": 1, "SolCount": 0}}