{ "SolutionInfo": { "Status": 9, "Runtime": 3.5898000001907349e+01, "Work": 4.6763329613163819e+01, "ObjVal": -1e+100, "ObjBound": 7.4801742939381627e+05, "ObjBoundC": 7.4801742939381627e+05, "MIPGap": 1e+100, "IterCount": 43403, "BarIterCount": 0, "NodeCount": 1, "SolCount": 0}}