{ "SolutionInfo": { "Status": 9, "Runtime": 3.8155999898910522e+01, "Work": 6.2313614323722973e+01, "ObjVal": -1e+100, "ObjBound": 297000, "ObjBoundC": 2.9700050033337111e+05, "MIPGap": 1e+100, "IterCount": 416751, "BarIterCount": 0, "NodeCount": 1005, "SolCount": 0}}