{ "SolutionInfo": { "Status": 9, "Runtime": 3.4130999803543091e+01, "Work": 3.1872607091093190e+01, "ObjVal": -1e+100, "ObjBound": 2.9682992147505761e+05, "ObjBoundC": 2.9682992147505761e+05, "MIPGap": 1e+100, "IterCount": 35963, "BarIterCount": 0, "NodeCount": 1, "SolCount": 0}}