{ "SolutionInfo": { "Status": 9, "Runtime": 3.9396999835968018e+01, "Work": 3.8338364991079537e+01, "ObjVal": -1e+100, "ObjBound": 5.1022776367033820e+05, "ObjBoundC": 5.1022776367033820e+05, "MIPGap": 1e+100, "IterCount": 65588, "BarIterCount": 0, "NodeCount": 1, "SolCount": 0}}