{ "SolutionInfo": { "Status": 9, "Runtime": 3.9393900012969971e+02, "Work": 5.8557504653232752e+02, "ObjVal": -1e+100, "ObjBound": 770385, "ObjBoundC": 7.7038521764497587e+05, "MIPGap": 1e+100, "IterCount": 1357001, "BarIterCount": 0, "NodeCount": 1841, "SolCount": 0}}