{ "SolutionInfo": { "Status": 9, "Runtime": 3.7443000078201294e+01, "Work": 7.6786578544895193e+01, "ObjVal": -1e+100, "ObjBound": 94975, "ObjBoundC": 9.4975139921400580e+04, "MIPGap": 1e+100, "IterCount": 625826, "BarIterCount": 0, "NodeCount": 1717, "SolCount": 0}}