{ "SolutionInfo": { "Status": 9, "Runtime": 2.4908200001716614e+02, "Work": 5.9385407307062053e+02, "ObjVal": -1e+100, "ObjBound": 95013, "ObjBoundC": 95013.6784568084, "MIPGap": 1e+100, "IterCount": 6089447, "BarIterCount": 0, "NodeCount": 14103, "SolCount": 0}}