{ "SolutionInfo": { "Status": 9, "Runtime": 2.0102799987792969e+02, "Work": 2.3261653737163471e+02, "ObjVal": -1e+100, "ObjBound": 1.9338323728926035e+06, "ObjBoundC": 1.9338323728926035e+06, "MIPGap": 1e+100, "IterCount": 149864, "BarIterCount": 16, "NodeCount": 1, "SolCount": 0}}