{ "SolutionInfo": { "Status": 9, "Runtime": 3.5003100013732910e+02, "Work": 4.9360018834606041e+02, "ObjVal": -1e+100, "ObjBound": 762602, "ObjBoundC": 762602, "MIPGap": 1e+100, "IterCount": 7237314, "BarIterCount": 0, "NodeCount": 4073, "SolCount": 0}}