{ "SolutionInfo": { "Status": 9, "Runtime": 2.4948099994659424e+02, "Work": 4.3738020456915586e+02, "ObjVal": -1e+100, "ObjBound": 98644, "ObjBoundC": 9.8644359218563826e+04, "MIPGap": 1e+100, "IterCount": 9380215, "BarIterCount": 0, "NodeCount": 21040, "SolCount": 0}}