{ "SolutionInfo": { "Status": 9, "Runtime": 2.4670800018310547e+02, "Work": 4.5118018119913580e+02, "ObjVal": -1e+100, "ObjBound": 295852, "ObjBoundC": 2.9585242714181019e+05, "MIPGap": 1e+100, "IterCount": 1372196, "BarIterCount": 0, "NodeCount": 853, "SolCount": 0}}