{ "SolutionInfo": { "Status": 9, "Runtime": 2.4768499994277954e+02, "Work": 4.6970029730654107e+02, "ObjVal": -1e+100, "ObjBound": 249100, "ObjBoundC": 2.4910068812277939e+05, "MIPGap": 1e+100, "IterCount": 1875662, "BarIterCount": 0, "NodeCount": 2338, "SolCount": 0}}