{ "SolutionInfo": { "Status": 9, "Runtime": 2.1490999984741211e+02, "Work": 2.0292495433809179e+02, "ObjVal": -1e+100, "ObjBound": 771789, "ObjBoundC": 7.7178911533152219e+05, "MIPGap": 1e+100, "IterCount": 110865, "BarIterCount": 0, "NodeCount": 1, "SolCount": 0}}