{ "SolutionInfo": { "Status": 9, "Runtime": 6.4349999904632568e+01, "Work": 31.4307655424859, "ObjVal": -1e+100, "ObjBound": 4019412, "ObjBoundC": 4019412, "MIPGap": 1e+100, "IterCount": 0, "BarIterCount": 0, "NodeCount": 1, "SolCount": 0}}