{ "SolutionInfo": { "Status": 9, "Runtime": 2.3924200010299683e+02, "Work": 2.3511538306549960e+02, "ObjVal": -1e+100, "ObjBound": 7.4823038751791755e+05, "ObjBoundC": 7.4823038751791755e+05, "MIPGap": 1e+100, "IterCount": 175070, "BarIterCount": 0, "NodeCount": 1, "SolCount": 0}}