{ "SolutionInfo": { "Status": 9, "Runtime": 1.8524199986457825e+02, "Work": 2.4110770868368976e+02, "ObjVal": -1e+100, "ObjBound": 757671, "ObjBoundC": 757671, "MIPGap": 1e+100, "IterCount": 2580366, "BarIterCount": 0, "NodeCount": 1695, "SolCount": 0}}