{ "SolutionInfo": { "Status": 9, "Runtime": 1.0001500010490417e+02, "Work": 2.2517796194422584e+02, "ObjVal": -1e+100, "ObjBound": 95710, "ObjBoundC": 9.5710268084474170e+04, "MIPGap": 1e+100, "IterCount": 1715675, "BarIterCount": 0, "NodeCount": 3919, "SolCount": 0}}