{ "SolutionInfo": { "Status": 9, "Runtime": 1.0004800009727478e+02, "Work": 1.7652719400352902e+02, "ObjVal": -1e+100, "ObjBound": 509196, "ObjBoundC": 5.0919633588556194e+05, "MIPGap": 1e+100, "IterCount": 867349, "BarIterCount": 0, "NodeCount": 4038, "SolCount": 0}}