{ "SolutionInfo": { "Status": 9, "Runtime": 8.7249000072479248e+01, "Work": 8.3965247437804820e+01, "ObjVal": -1e+100, "ObjBound": 758799.265016419, "ObjBoundC": 758799.265016419, "MIPGap": 1e+100, "IterCount": 80985, "BarIterCount": 0, "NodeCount": 1, "SolCount": 0}}