{ "SolutionInfo": { "Status": 9, "Runtime": 1.0005100011825562e+02, "Work": 1.0611804454314112e+02, "ObjVal": -1e+100, "ObjBound": 1.9289821195082676e+06, "ObjBoundC": 1.9289821195082676e+06, "MIPGap": 1e+100, "IterCount": 58223, "BarIterCount": 13, "NodeCount": 1, "SolCount": 0}}