{ "SolutionInfo": { "Status": 9, "Runtime": 1.0002200007438660e+02, "Work": 1.8776362700362057e+02, "ObjVal": -1e+100, "ObjBound": 2.4867897701661257e+05, "ObjBoundC": 2.4867897701661257e+05, "MIPGap": 1e+100, "IterCount": 894163, "BarIterCount": 0, "NodeCount": 2415, "SolCount": 0}}