{ "SolutionInfo": { "Status": 9, "Runtime": 71.1159999370575, "Work": 8.4460534522553360e+01, "ObjVal": -1e+100, "ObjBound": 1494948.41921485, "ObjBoundC": 1494948.41921485, "MIPGap": 1e+100, "IterCount": 71975, "BarIterCount": 0, "NodeCount": 1, "SolCount": 0}}