{ "SolutionInfo": { "Status": 9, "Runtime": 1.0001300001144409e+02, "Work": 1.4716074097556813e+02, "ObjVal": -1e+100, "ObjBound": 2.9515887910703931e+05, "ObjBoundC": 2.9515887910703931e+05, "MIPGap": 1e+100, "IterCount": 180504, "BarIterCount": 0, "NodeCount": 88, "SolCount": 0}}