{ "SolutionInfo": { "Status": 9, "Runtime": 1.0003999996185303e+02, "Work": 1.0116867143364394e+02, "ObjVal": -1e+100, "ObjBound": 7.6140253907093988e+05, "ObjBoundC": 7.6140253907093988e+05, "MIPGap": 1e+100, "IterCount": 100351, "BarIterCount": 0, "NodeCount": 1, "SolCount": 0}}