{ "SolutionInfo": { "Status": 9, "Runtime": 1.0000899982452393e+02, "Work": 1.9374672115354184e+02, "ObjVal": -1e+100, "ObjBound": 98681, "ObjBoundC": 9.8681248748054873e+04, "MIPGap": 1e+100, "IterCount": 4042492, "BarIterCount": 0, "NodeCount": 8280, "SolCount": 0}}