{ "SolutionInfo": { "Status": 9, "Runtime": 1.0002700018882751e+02, "Work": 1.8975104370374746e+02, "ObjVal": -1e+100, "ObjBound": 295322, "ObjBoundC": 2.9532205970308452e+05, "MIPGap": 1e+100, "IterCount": 1767727, "BarIterCount": 0, "NodeCount": 4338, "SolCount": 0}}