{ "SolutionInfo": { "Status": 9, "Runtime": 1.0001499986648560e+02, "Work": 2.2459740265716633e+02, "ObjVal": -1e+100, "ObjBound": 95124, "ObjBoundC": 95124.0115408291, "MIPGap": 1e+100, "IterCount": 1854986, "BarIterCount": 0, "NodeCount": 4739, "SolCount": 0}}