{ "SolutionInfo": { "Status": 9, "Runtime": 1.0000899982452393e+02, "Work": 1.9540506065825272e+02, "ObjVal": -1e+100, "ObjBound": 98631, "ObjBoundC": 9.8631091051872034e+04, "MIPGap": 1e+100, "IterCount": 4055604, "BarIterCount": 0, "NodeCount": 8314, "SolCount": 0}}