{ "SolutionInfo": { "Status": 9, "Runtime": 9.5040999889373779e+01, "Work": 1.4688265533897086e+02, "ObjVal": -1e+100, "ObjBound": 508716, "ObjBoundC": 5.0871600903641828e+05, "MIPGap": 1e+100, "IterCount": 672082, "BarIterCount": 0, "NodeCount": 2757, "SolCount": 0}}