{ "SolutionInfo": { "Status": 9, "Runtime": 1.0005200004577637e+02, "Work": 1.9052290693817113e+02, "ObjVal": -1e+100, "ObjBound": 293105, "ObjBoundC": 2.9310536742475216e+05, "MIPGap": 1e+100, "IterCount": 2113652, "BarIterCount": 0, "NodeCount": 4971, "SolCount": 0}}