{ "SolutionInfo": { "Status": 9, "Runtime": 94.5920000076294, "Work": 1.4210786169870732e+02, "ObjVal": -1e+100, "ObjBound": 2.9394593194437632e+05, "ObjBoundC": 2.9394593194437632e+05, "MIPGap": 1e+100, "IterCount": 241921, "BarIterCount": 0, "NodeCount": 346, "SolCount": 0}}