{ "SolutionInfo": { "Status": 9, "Runtime": 1.0001700019836426e+02, "Work": 1.8282764277208568e+02, "ObjVal": -1e+100, "ObjBound": 295893, "ObjBoundC": 2.9589306437213713e+05, "MIPGap": 1e+100, "IterCount": 459195, "BarIterCount": 0, "NodeCount": 701, "SolCount": 0}}