{ "SolutionInfo": { "Status": 9, "Runtime": 1.0005399990081787e+02, "Work": 1.1017895635061569e+02, "ObjVal": -1e+100, "ObjBound": 1.9296469315006337e+06, "ObjBoundC": 1.9296469315006337e+06, "MIPGap": 1e+100, "IterCount": 85481, "BarIterCount": 0, "NodeCount": 1, "SolCount": 0}}