{ "SolutionInfo": { "Status": 9, "Runtime": 94.2480001449585, "Work": 1.0337331646406663e+02, "ObjVal": -1e+100, "ObjBound": 770607, "ObjBoundC": 7.7060710940030171e+05, "MIPGap": 1e+100, "IterCount": 213300, "BarIterCount": 0, "NodeCount": 1, "SolCount": 0}}