{ "SolutionInfo": { "Status": 9, "Runtime": 63.2039999961853, "Work": 5.6861332406707575e+01, "ObjVal": -1e+100, "ObjBound": 1.9245768779365544e+06, "ObjBoundC": 1.9245768779365544e+06, "MIPGap": 1e+100, "IterCount": 31333, "BarIterCount": 0, "NodeCount": 1, "SolCount": 0}}