{ "SolutionInfo": { "Status": 9, "Runtime": 1.0003399991989136e+02, "Work": 1.1912615176405085e+02, "ObjVal": -1e+100, "ObjBound": 7.7090178742973472e+05, "ObjBoundC": 7.7090178742973472e+05, "MIPGap": 1e+100, "IterCount": 175060, "BarIterCount": 0, "NodeCount": 1, "SolCount": 0}}