{ "SolutionInfo": { "Status": 9, "Runtime": 1.0005399990081787e+02, "Work": 1.0329036885036828e+02, "ObjVal": -1e+100, "ObjBound": 748206, "ObjBoundC": 7.4820613198168238e+05, "MIPGap": 1e+100, "IterCount": 83684, "BarIterCount": 0, "NodeCount": 1, "SolCount": 0}}