{ "SolutionInfo": { "Status": 9, "Runtime": 1.0001399993896484e+02, "Work": 1.7452311471358882e+02, "ObjVal": -1e+100, "ObjBound": 508967, "ObjBoundC": 5.0896747674782755e+05, "MIPGap": 1e+100, "IterCount": 894964, "BarIterCount": 0, "NodeCount": 3335, "SolCount": 0}}