{ "SolutionInfo": { "Status": 9, "Runtime": 1.0001199984550476e+02, "Work": 1.8948438144856632e+02, "ObjVal": -1e+100, "ObjBound": 2.4874585672238161e+05, "ObjBoundC": 2.4874585672238161e+05, "MIPGap": 1e+100, "IterCount": 738072, "BarIterCount": 0, "NodeCount": 2011, "SolCount": 0}}