{ "SolutionInfo": { "Status": 9, "Runtime": 1.0006599998474121e+02, "Work": 7.9286473878869742e+01, "ObjVal": -1e+100, "ObjBound": 3.8750576008500350e+06, "ObjBoundC": 3.8750576008500350e+06, "MIPGap": 1e+100, "IterCount": 39433, "BarIterCount": 16, "NodeCount": 1, "SolCount": 0}}