{ "SolutionInfo": { "Status": 9, "Runtime": 1.0003399991989136e+02, "Work": 1.1164170477172945e+02, "ObjVal": -1e+100, "ObjBound": 759130, "ObjBoundC": 7.5913013530081732e+05, "MIPGap": 1e+100, "IterCount": 119468, "BarIterCount": 0, "NodeCount": 1, "SolCount": 0}}