{ "SolutionInfo": { "Status": 9, "Runtime": 8.2598999977111816e+01, "Work": 5.9068247098247213e+01, "ObjVal": -1e+100, "ObjBound": 3.8727451953046015e+06, "ObjBoundC": 3.8727451953046015e+06, "MIPGap": 1e+100, "IterCount": 24370, "BarIterCount": 0, "NodeCount": 1, "SolCount": 0}}