{ "SolutionInfo": { "Status": 9, "Runtime": 7.9276999950408936e+01, "Work": 1.4535669896411645e+02, "ObjVal": -1e+100, "ObjBound": 291699, "ObjBoundC": 2.9169907995961030e+05, "MIPGap": 1e+100, "IterCount": 1495230, "BarIterCount": 0, "NodeCount": 3836, "SolCount": 0}}