{ "SolutionInfo": { "Status": 9, "Runtime": 1.0003199982643127e+02, "Work": 1.1410021008757224e+02, "ObjVal": -1e+100, "ObjBound": 7.7115181290714268e+05, "ObjBoundC": 7.7115181290714268e+05, "MIPGap": 1e+100, "IterCount": 220893, "BarIterCount": 0, "NodeCount": 1, "SolCount": 0}}