{ "SolutionInfo": { "Status": 9, "Runtime": 1.0001699995994568e+02, "Work": 1.5094730163384409e+02, "ObjVal": -1e+100, "ObjBound": 510133, "ObjBoundC": 5.1013310216022463e+05, "MIPGap": 1e+100, "IterCount": 539609, "BarIterCount": 0, "NodeCount": 1334, "SolCount": 0}}