{ "SolutionInfo": { "Status": 9, "Runtime": 9.7410000085830688e+01, "Work": 1.8181032544072306e+02, "ObjVal": -1e+100, "ObjBound": 2.4855395104527037e+05, "ObjBoundC": 2.4855395104527037e+05, "MIPGap": 1e+100, "IterCount": 790756, "BarIterCount": 0, "NodeCount": 1961, "SolCount": 0}}