{ "SolutionInfo": { "Status": 9, "Runtime": 1.0006200003623962e+02, "Work": 1.1588568563385256e+02, "ObjVal": -1e+100, "ObjBound": 1.4967944398949766e+06, "ObjBoundC": 1.4967944398949766e+06, "MIPGap": 1e+100, "IterCount": 92890, "BarIterCount": 12, "NodeCount": 1, "SolCount": 0}}