{ "SolutionInfo": { "Status": 9, "Runtime": 1.0002700018882751e+02, "Work": 9.9507168785183183e+01, "ObjVal": -1e+100, "ObjBound": 7.4473347157270811e+05, "ObjBoundC": 7.4473347157270811e+05, "MIPGap": 1e+100, "IterCount": 95235, "BarIterCount": 0, "NodeCount": 1, "SolCount": 0}}