{ "SolutionInfo": { "Status": 9, "Runtime": 1.0007599997520447e+02, "Work": 7.2942806561609046e+01, "ObjVal": -1e+100, "ObjBound": 3877080.35511921, "ObjBoundC": 3877080.35511921, "MIPGap": 1e+100, "IterCount": 77388, "BarIterCount": 19, "NodeCount": 1, "SolCount": 0}}