{ "SolutionInfo": { "Status": 9, "Runtime": 1.0014100003242493e+02, "Work": 1.1020217432033083e+02, "ObjVal": -1e+100, "ObjBound": 1.9266591569366357e+06, "ObjBoundC": 1.9266591569366357e+06, "MIPGap": 1e+100, "IterCount": 79488, "BarIterCount": 0, "NodeCount": 1, "SolCount": 0}}