{ "SolutionInfo": { "Status": 9, "Runtime": 8.8730999946594238e+01, "Work": 8.8565373567495840e+01, "ObjVal": -1e+100, "ObjBound": 7.4205779589549627e+05, "ObjBoundC": 7.4205779589549627e+05, "MIPGap": 1e+100, "IterCount": 99519, "BarIterCount": 0, "NodeCount": 1, "SolCount": 0}}