{ "SolutionInfo": { "Status": 9, "Runtime": 1.0000799989700317e+02, "Work": 1.9595835077124983e+02, "ObjVal": -1e+100, "ObjBound": 99301, "ObjBoundC": 9.9301334915865853e+04, "MIPGap": 1e+100, "IterCount": 4135444, "BarIterCount": 0, "NodeCount": 7898, "SolCount": 0}}