{ "SolutionInfo": { "Status": 9, "Runtime": 1.0003099989891052e+02, "Work": 1.1185631823502344e+02, "ObjVal": -1e+100, "ObjBound": 7.7102934701903933e+05, "ObjBoundC": 7.7102934701903933e+05, "MIPGap": 1e+100, "IterCount": 209561, "BarIterCount": 0, "NodeCount": 1, "SolCount": 0}}