{ "SolutionInfo": { "Status": 9, "Runtime": 1.0004999995231628e+02, "Work": 1.8163782946371003e+02, "ObjVal": -1e+100, "ObjBound": 292822, "ObjBoundC": 2.9282209915005637e+05, "MIPGap": 1e+100, "IterCount": 1707809, "BarIterCount": 0, "NodeCount": 3832, "SolCount": 0}}