{ "SolutionInfo": { "Status": 9, "Runtime": 98.4779999256134, "Work": 2.2144405891640244e+02, "ObjVal": -1e+100, "ObjBound": 94905, "ObjBoundC": 9.4905509140290262e+04, "MIPGap": 1e+100, "IterCount": 1877619, "BarIterCount": 0, "NodeCount": 4642, "SolCount": 0}}