{ "SolutionInfo": { "Status": 9, "Runtime": 9.9379000186920166e+01, "Work": 1.8800756304933267e+02, "ObjVal": -1e+100, "ObjBound": 97664, "ObjBoundC": 9.7664719247032452e+04, "MIPGap": 1e+100, "IterCount": 4081376, "BarIterCount": 0, "NodeCount": 7808, "SolCount": 0}}