{ "SolutionInfo": { "Status": 9, "Runtime": 1.0004000020027161e+02, "Work": 1.2296730921221909e+02, "ObjVal": -1e+100, "ObjBound": 7.4140033650592354e+05, "ObjBoundC": 7.4140033650592354e+05, "MIPGap": 1e+100, "IterCount": 135117, "BarIterCount": 0, "NodeCount": 1, "SolCount": 0}}