{ "SolutionInfo": { "Status": 9, "Runtime": 1.0004399991035461e+02, "Work": 9.8309084902315021e+01, "ObjVal": -1e+100, "ObjBound": 7.6682277582407487e+05, "ObjBoundC": 7.6682277582407487e+05, "MIPGap": 1e+100, "IterCount": 79088, "BarIterCount": 0, "NodeCount": 1, "SolCount": 0}}