{ "SolutionInfo": { "Status": 9, "Runtime": 1.0001900005340576e+02, "Work": 1.8588406937809728e+02, "ObjVal": -1e+100, "ObjBound": 295060, "ObjBoundC": 2.9506004779275134e+05, "MIPGap": 1e+100, "IterCount": 448857, "BarIterCount": 0, "NodeCount": 688, "SolCount": 0}}