{ "SolutionInfo": { "Status": 9, "Runtime": 1.0003600001335144e+02, "Work": 1.1410212941705285e+02, "ObjVal": -1e+100, "ObjBound": 1.4961715810360876e+06, "ObjBoundC": 1.4961715810360876e+06, "MIPGap": 1e+100, "IterCount": 79368, "BarIterCount": 15, "NodeCount": 1, "SolCount": 0}}