{ "SolutionInfo": { "Status": 9, "Runtime": 1.0001500010490417e+02, "Work": 2.3169728855384051e+02, "ObjVal": -1e+100, "ObjBound": 95085, "ObjBoundC": 9.5085089925525914e+04, "MIPGap": 1e+100, "IterCount": 1965018, "BarIterCount": 0, "NodeCount": 5007, "SolCount": 0}}