{ "SolutionInfo": { "Status": 9, "Runtime": 1.0002700018882751e+02, "Work": 1.9746207985147385e+02, "ObjVal": -1e+100, "ObjBound": 296188, "ObjBoundC": 2.9618808660737053e+05, "MIPGap": 1e+100, "IterCount": 1989661, "BarIterCount": 0, "NodeCount": 4342, "SolCount": 0}}