{ "SolutionInfo": { "Status": 9, "Runtime": 1.0003800010681152e+02, "Work": 1.0310090191509941e+02, "ObjVal": -1e+100, "ObjBound": 767527, "ObjBoundC": 767527.002841324, "MIPGap": 1e+100, "IterCount": 86286, "BarIterCount": 0, "NodeCount": 1, "SolCount": 0}}