{ "SolutionInfo": { "Status": 9, "Runtime": 1.0006700015068054e+02, "Work": 1.0630556211992088e+02, "ObjVal": -1e+100, "ObjBound": 1.9352036868518395e+06, "ObjBoundC": 1.9352036868518395e+06, "MIPGap": 1e+100, "IterCount": 50289, "BarIterCount": 0, "NodeCount": 1, "SolCount": 0}}