{ "SolutionInfo": { "Status": 9, "Runtime": 1.0001699995994568e+02, "Work": 1.6150175618726226e+02, "ObjVal": -1e+100, "ObjBound": 509803, "ObjBoundC": 5.0980332065318240e+05, "MIPGap": 1e+100, "IterCount": 678911, "BarIterCount": 0, "NodeCount": 1607, "SolCount": 0}}