{ "SolutionInfo": { "Status": 9, "Runtime": 1.0000899982452393e+02, "Work": 1.9321834841080613e+02, "ObjVal": -1e+100, "ObjBound": 99197, "ObjBoundC": 9.9197673188056608e+04, "MIPGap": 1e+100, "IterCount": 4105985, "BarIterCount": 0, "NodeCount": 8376, "SolCount": 0}}