{ "SolutionInfo": { "Status": 9, "Runtime": 1.0005100011825562e+02, "Work": 1.0308377250575607e+02, "ObjVal": -1e+100, "ObjBound": 7.4614375127799925e+05, "ObjBoundC": 7.4614375127799925e+05, "MIPGap": 1e+100, "IterCount": 98215, "BarIterCount": 0, "NodeCount": 1, "SolCount": 0}}