{ "SolutionInfo": { "Status": 9, "Runtime": 1.0008800005912781e+02, "Work": 1.1711248409916350e+02, "ObjVal": -1e+100, "ObjBound": 1.4977554659217142e+06, "ObjBoundC": 1.4977554659217142e+06, "MIPGap": 1e+100, "IterCount": 87013, "BarIterCount": 13, "NodeCount": 1, "SolCount": 0}}