{ "SolutionInfo": { "Status": 9, "Runtime": 1.0002800011634827e+02, "Work": 9.9473600130476925e+01, "ObjVal": -1e+100, "ObjBound": 2.9664088374380325e+05, "ObjBoundC": 2.9664088374380325e+05, "MIPGap": 1e+100, "IterCount": 102911, "BarIterCount": 0, "NodeCount": 1, "SolCount": 0}}