{ "SolutionInfo": { "Status": 9, "Runtime": 1.0000899982452393e+02, "Work": 2.3271794890935914e+02, "ObjVal": -1e+100, "ObjBound": 94924, "ObjBoundC": 9.4924063700146551e+04, "MIPGap": 1e+100, "IterCount": 2106749, "BarIterCount": 0, "NodeCount": 5540, "SolCount": 0}}