{ "SolutionInfo": { "Status": 9, "Runtime": 1.0004999995231628e+02, "Work": 1.0901407209459803e+02, "ObjVal": -1e+100, "ObjBound": 1.4990385290442603e+06, "ObjBoundC": 1.4990385290442603e+06, "MIPGap": 1e+100, "IterCount": 64262, "BarIterCount": 14, "NodeCount": 1, "SolCount": 0}}