{ "SolutionInfo": { "Status": 9, "Runtime": 1.0011500000953674e+02, "Work": 83.6494492311441, "ObjVal": -1e+100, "ObjBound": 3.8781841746659353e+06, "ObjBoundC": 3.8781841746659353e+06, "MIPGap": 1e+100, "IterCount": 38984, "BarIterCount": 17, "NodeCount": 1, "SolCount": 0}}