{ "SolutionInfo": { "Status": 9, "Runtime": 1.0005400013923645e+02, "Work": 1.6970831377834517e+02, "ObjVal": -1e+100, "ObjBound": 296789, "ObjBoundC": 2.9678960915951239e+05, "MIPGap": 1e+100, "IterCount": 1322628, "BarIterCount": 0, "NodeCount": 3977, "SolCount": 0}}