{ "SolutionInfo": { "Status": 9, "Runtime": 88.4689998626709, "Work": 63.9019511463016, "ObjVal": -1e+100, "ObjBound": 742232, "ObjBoundC": 742232, "MIPGap": 1e+100, "IterCount": 122033, "BarIterCount": 0, "NodeCount": 1, "SolCount": 0}}