{ "SolutionInfo": { "Status": 9, "Runtime": 4.0005200004577637e+02, "Work": 4.9448728967174912e+02, "ObjVal": -1e+100, "ObjBound": 7.4705634083473065e+05, "ObjBoundC": 7.4705634083473065e+05, "MIPGap": 1e+100, "IterCount": 476082, "BarIterCount": 0, "NodeCount": 197, "SolCount": 0}}