{ "SolutionInfo": { "Status": 9, "Runtime": 9.5516000032424927e+01, "Work": 69.2091847975429, "ObjVal": -1e+100, "ObjBound": 296312, "ObjBoundC": 2.9631241485000390e+05, "MIPGap": 1e+100, "IterCount": 74226, "BarIterCount": 0, "NodeCount": 1, "SolCount": 0}}