{ "SolutionInfo": { "Status": 9, "Runtime": 9.9290999889373779e+01, "Work": 1.8784681019499837e+02, "ObjVal": -1e+100, "ObjBound": 94777, "ObjBoundC": 9.4777213322111653e+04, "MIPGap": 1e+100, "IterCount": 1791207, "BarIterCount": 0, "NodeCount": 4314, "SolCount": 0}}