{ "SolutionInfo": { "Status": 9, "Runtime": 99.3050000667572, "Work": 1.5510910695144847e+02, "ObjVal": -1e+100, "ObjBound": 99027, "ObjBoundC": 9.9027181426287585e+04, "MIPGap": 1e+100, "IterCount": 4099645, "BarIterCount": 0, "NodeCount": 5862, "SolCount": 0}}