{ "SolutionInfo": { "Status": 9, "Runtime": 3.3075999975204468e+01, "Work": 2.0191209325179553e+01, "ObjVal": -1e+100, "ObjBound": 4019412, "ObjBoundC": 4019412, "MIPGap": 1e+100, "IterCount": 0, "BarIterCount": 0, "NodeCount": 1, "SolCount": 0}}