{ "SolutionInfo": { "Status": 9, "Runtime": 1.0148200011253357e+02, "Work": 77.845434715864, "ObjVal": -1e+100, "ObjBound": 770385, "ObjBoundC": 7.7038521764497587e+05, "MIPGap": 1e+100, "IterCount": 188890, "BarIterCount": 0, "NodeCount": 1, "SolCount": 0}}