{ "SolutionInfo": { "Status": 9, "Runtime": 9.5195000171661377e+01, "Work": 1.5798851343175522e+02, "ObjVal": -1e+100, "ObjBound": 2.9613898519255180e+05, "ObjBoundC": 2.9613898519255180e+05, "MIPGap": 1e+100, "IterCount": 1605064, "BarIterCount": 0, "NodeCount": 3622, "SolCount": 0}}