{ "SolutionInfo": { "Status": 9, "Runtime": 9.9307000160217285e+01, "Work": 1.1110410813521618e+02, "ObjVal": -1e+100, "ObjBound": 510451, "ObjBoundC": 510451.174381046, "MIPGap": 1e+100, "IterCount": 220921, "BarIterCount": 0, "NodeCount": 301, "SolCount": 0}}