{ "SolutionInfo": { "Status": 9, "Runtime": 6.5749000072479248e+01, "Work": 2.1885356663605965e+01, "ObjVal": -1e+100, "ObjBound": 2002627, "ObjBoundC": 2002627, "MIPGap": 1e+100, "IterCount": 0, "BarIterCount": 0, "NodeCount": 1, "SolCount": 0}}