{ "SolutionInfo": { "Status": 9, "Runtime": 9.9526000022888184e+01, "Work": 1.4592934925026759e+02, "ObjVal": -1e+100, "ObjBound": 249102, "ObjBoundC": 2.4910203817639383e+05, "MIPGap": 1e+100, "IterCount": 635191, "BarIterCount": 0, "NodeCount": 1996, "SolCount": 0}}