{ "SolutionInfo": { "Status": 9, "Runtime": 1.4372900009155273e+02, "Work": 2.1786341496071336e+02, "ObjVal": -1e+100, "ObjBound": 99736, "ObjBoundC": 99736.7901600297, "MIPGap": 1e+100, "IterCount": 4082009, "BarIterCount": 0, "NodeCount": 7978, "SolCount": 0}}