{ "SolutionInfo": { "Status": 9, "Runtime": 1.5489400005340576e+02, "Work": 1.6386962581576086e+02, "ObjVal": -1e+100, "ObjBound": 1.9344560293113890e+06, "ObjBoundC": 1.9344560293113890e+06, "MIPGap": 1e+100, "IterCount": 44117, "BarIterCount": 15, "NodeCount": 1, "SolCount": 0}}