{ "SolutionInfo": { "Status": 9, "Runtime": 1.2074699997901917e+02, "Work": 94.2765265186381, "ObjVal": -1e+100, "ObjBound": 3.8780163784931386e+06, "ObjBoundC": 3.8780163784931386e+06, "MIPGap": 1e+100, "IterCount": 36476, "BarIterCount": 0, "NodeCount": 1, "SolCount": 0}}