{ "SolutionInfo": { "Status": 9, "Runtime": 1.8886299991607666e+02, "Work": 2.6457149754477524e+02, "ObjVal": -1e+100, "ObjBound": 295667, "ObjBoundC": 295667.476553528, "MIPGap": 1e+100, "IterCount": 615415, "BarIterCount": 0, "NodeCount": 480, "SolCount": 0}}