{ "SolutionInfo": { "Status": 9, "Runtime": 189.5, "Work": 3.6909931719341120e+02, "ObjVal": -1e+100, "ObjBound": 95253, "ObjBoundC": 9.5253846802407541e+04, "MIPGap": 1e+100, "IterCount": 3560468, "BarIterCount": 0, "NodeCount": 7790, "SolCount": 0}}