{ "SolutionInfo": { "Status": 9, "Runtime": 1.8957999992370605e+02, "Work": 3.0263261000424274e+02, "ObjVal": -1e+100, "ObjBound": 2.9678892069303279e+05, "ObjBoundC": 2.9678892069303279e+05, "MIPGap": 1e+100, "IterCount": 2518493, "BarIterCount": 0, "NodeCount": 5050, "SolCount": 0}}