{ "SolutionInfo": { "Status": 9, "Runtime": 1.7806299996376038e+02, "Work": 1.7306950651354660e+02, "ObjVal": -1e+100, "ObjBound": 7.7160945287346223e+05, "ObjBoundC": 7.7160945287346223e+05, "MIPGap": 1e+100, "IterCount": 99652, "BarIterCount": 0, "NodeCount": 1, "SolCount": 0}}