{ "SolutionInfo": { "Status": 9, "Runtime": 3.5005999994277954e+02, "Work": 4.2058285308289726e+02, "ObjVal": -1e+100, "ObjBound": 7.4705634083473065e+05, "ObjBoundC": 7.4705634083473065e+05, "MIPGap": 1e+100, "IterCount": 379458, "BarIterCount": 0, "NodeCount": 82, "SolCount": 0}}