{ "SolutionInfo": { "Status": 9, "Runtime": 1.8040399980545044e+02, "Work": 2.0833681013566394e+02, "ObjVal": -1e+100, "ObjBound": 7.7116059051439632e+05, "ObjBoundC": 7.7116059051439632e+05, "MIPGap": 1e+100, "IterCount": 280789, "BarIterCount": 0, "NodeCount": 198, "SolCount": 0}}