{ "SolutionInfo": { "Status": 9, "Runtime": 1.8943700003623962e+02, "Work": 2.9040741493972212e+02, "ObjVal": -1e+100, "ObjBound": 249313, "ObjBoundC": 2.4931307181887119e+05, "MIPGap": 1e+100, "IterCount": 1086815, "BarIterCount": 0, "NodeCount": 1295, "SolCount": 0}}