{ "SolutionInfo": { "Status": 9, "Runtime": 1.9596399998664856e+02, "Work": 2.2286010659902837e+02, "ObjVal": -1e+100, "ObjBound": 742232, "ObjBoundC": 742232, "MIPGap": 1e+100, "IterCount": 298883, "BarIterCount": 0, "NodeCount": 11, "SolCount": 0}}