{ "SolutionInfo": { "Status": 9, "Runtime": 3.5213999986648560e+01, "Work": 6.2093664366325413e+01, "ObjVal": -1e+100, "ObjBound": 248566, "ObjBoundC": 2.4856639552035404e+05, "MIPGap": 1e+100, "IterCount": 436392, "BarIterCount": 0, "NodeCount": 1542, "SolCount": 0}}