{ "SolutionInfo": { "Status": 9, "Runtime": 3.9261999845504761e+01, "Work": 80.5089490668456, "ObjVal": -1e+100, "ObjBound": 94796, "ObjBoundC": 94796.6333763498, "MIPGap": 1e+100, "IterCount": 686023, "BarIterCount": 0, "NodeCount": 1864, "SolCount": 0}}