{ "SolutionInfo": { "Status": 9, "Runtime": 3.0993000030517578e+01, "Work": 3.9707120820215160e+01, "ObjVal": -1e+100, "ObjBound": 748340, "ObjBoundC": 7.4834008160438167e+05, "MIPGap": 1e+100, "IterCount": 39130, "BarIterCount": 0, "NodeCount": 1, "SolCount": 0}}