{ "SolutionInfo": { "Status": 9, "Runtime": 3.9116100001335144e+02, "Work": 5.8087094686308581e+02, "ObjVal": -1e+100, "ObjBound": 770385, "ObjBoundC": 7.7038521764497587e+05, "MIPGap": 1e+100, "IterCount": 1339128, "BarIterCount": 0, "NodeCount": 1807, "SolCount": 0}}