{ "SolutionInfo": { "Status": 9, "Runtime": 3.7214999914169312e+01, "Work": 37.7723276534768, "ObjVal": -1e+100, "ObjBound": 5.0973376059727609e+05, "ObjBoundC": 5.0973376059727609e+05, "MIPGap": 1e+100, "IterCount": 68327, "BarIterCount": 0, "NodeCount": 1, "SolCount": 0}}