{ "SolutionInfo": { "Status": 9, "Runtime": 39.3199999332428, "Work": 6.0742390395426270e+01, "ObjVal": -1e+100, "ObjBound": 99010, "ObjBoundC": 9.9010256999579782e+04, "MIPGap": 1e+100, "IterCount": 1082886, "BarIterCount": 0, "NodeCount": 2691, "SolCount": 0}}