{ "SolutionInfo": { "Status": 9, "Runtime": 3.6516999959945679e+01, "Work": 3.4784563709816240e+01, "ObjVal": -1e+100, "ObjBound": 296663, "ObjBoundC": 2.9666349333327945e+05, "MIPGap": 1e+100, "IterCount": 28902, "BarIterCount": 0, "NodeCount": 1, "SolCount": 0}}