{ "SolutionInfo": { "Status": 9, "Runtime": 3.7692999839782715e+01, "Work": 6.1359108118156236e+01, "ObjVal": -1e+100, "ObjBound": 296669, "ObjBoundC": 2.9666910687150271e+05, "MIPGap": 1e+100, "IterCount": 390490, "BarIterCount": 0, "NodeCount": 883, "SolCount": 0}}